closetime,mc,cs,volume,,
11/7/2010,515149.57,4479172,8880.924872,,
11/8/2010,599807.21,4543994,15602.90516,,
11/9/2010,684461.84,4553971,7211.903968,,
11/10/2010,854299.66,4551410,5703.645156,,
11/11/2010,784296.71,4530888,871.018428,,
11/12/2010,872101.52,4590008,7736.87315,,
11/13/2010,919918.07,4625028,4359.00747,,
11/14/2010,880336.77,4573178,3242.532948,,
11/15/2010,907253.14,4640681,1663.26317,,
11/16/2010,885819.68,4570793,6575.830126,,
11/17/2010,899989.86,4660745,6347.506346,,
11/18/2010,1075482.53,4676011,8612.73433,,
11/19/2010,1231702.85,4667309,569.3806118,,
11/20/2010,1797666.00,4609400,5714.55066,,
11/21/2010,1589672.38,4675507,260.1,,
11/22/2010,1130423.36,4651948,6854.02155,,
11/23/2010,1047383.50,4696787,1083.093829,,
11/24/2010,1110485.80,4701464,594.0222144,,
11/25/2010,1045165.94,4684742,374.7176445,,
11/26/2010,1262828.55,4708533,8993.249143,,
11/27/2010,1298661.97,4705297,503.807088,,
11/28/2010,1309699.91,4693592,5804.625239,,
11/29/2010,1263257.94,4710134,9401.859085,,
11/30/2010,1070777.25,4759010,4832.156475,,
12/1/2010,1101451.83,4788921,1876.31562,,
12/2/2010,1285393.67,4799827,5439.616265,,
12/3/2010,1302276.95,4732111,707.358944,,
12/4/2010,1349078.95,4766895,8082.968235,,
12/5/2010,1321475.44,4774979,1588.593431,,
12/6/2010,1363537.66,4792751,1228.828048,,
12/7/2010,1362616.46,4815750,6958.565299,,
12/8/2010,1367307.17,4834891,970.119948,,
12/9/2010,1343889.68,4799606,5974.17156,,
12/10/2010,1383895.80,4866019,479.0018376,,
12/11/2010,1385890.05,4897138,1638.198138,,
12/12/2010,1306697.13,4839619,530.16066,,
12/13/2010,1113569.39,4843712,1474.944141,,
12/14/2010,1016336.63,4881540,2162.801795,,
12/15/2010,1110433.87,4881028,838.2647,,
12/16/2010,1246364.78,4887705,3660.609405,,
12/17/2010,1226921.02,4887158,131.9300387,,
12/18/2010,1015087.45,4927609,34.836454,,
12/19/2010,935753.61,4925019,380.14383,,
12/20/2010,1008338.14,4942834,2179.27182,,
12/21/2010,1195493.46,4976868,2216.126776,,
12/22/2010,1185046.43,4962506,907.5493704,,
12/23/2010,982457.60,4912288,1730.0296,,
12/24/2010,1019904.53,4999532,1026.782796,,
12/25/2010,1135587.97,4980649,160.284,,
12/26/2010,1101393.48,5006334,3648.6934,,
12/27/2010,1142211.71,4968298,1134.669151,,
12/28/2010,1239537.08,5024675,3808.574877,,
12/29/2010,1193742.24,4973926,4466.19456,,
12/30/2010,1247136.18,4989343,634.8666551,,
12/31/2010,1201425.84,5005941,348.89256,,
1/1/2011,1211515.44,5027035,679.919563,,
1/2/2011,1218284.69,5074072,1285.041131,,
1/3/2011,1338147.13,5011787,380.52573,,
1/4/2011,1222821.84,5095091,450.96072,,
1/5/2011,1276346.25,5105385,89.28925,,
1/6/2011,1269889.00,5079556,864.12225,,
1/7/2011,1258746.82,5075592,10565.07726,,
1/8/2011,1274326.32,5099345,407.1965562,,
1/9/2011,1356596.48,5119232,448.21199,,
1/10/2011,1359700.43,5130945,2744.29442,,
1/11/2011,1435741.40,5109400,1365.0418,,
1/12/2011,1516820.76,5115753,9298.170323,,
1/13/2011,1542312.90,5141043,6035.6691,,
1/14/2011,1543648.50,5145495,8139.2871,,
1/15/2011,1544001.60,5146672,454.6983,,
1/16/2011,1549704.11,5166197,833.5296387,,
1/17/2011,1526095.77,5173206,5381.13807,,
1/18/2011,1546015.14,5171484,4684.997317,,
1/19/2011,1544208.76,5165960,2179.613143,,
1/20/2011,1557199.00,5225500,5924.829742,,
1/21/2011,1672320.96,5226003,2712.8144,,
1/22/2011,1694188.49,5246790,3401.515783,,
1/23/2011,1671387.08,5174573,370.933846,,
1/24/2011,1717056.07,5257528,3612.717678,,
1/25/2011,1711935.79,5241850,706.6486616,,
1/26/2011,1666797.02,5228347,4962.06079,,
1/27/2011,1656394.21,5215347,8800.122732,,
1/28/2011,2083185.20,5207963,2129.7988,,
1/29/2011,2019650.43,5232255,559.075452,,
1/30/2011,2049206.07,5297981,4016.269936,,
1/31/2011,1850572.44,5294914,22198.86961,,
2/1/2011,1670585.06,5337503,9878.627,,
2/2/2011,1670264.25,5336478,1761.344965,,
2/3/2011,2071962.75,5312725,3324.55539,,
2/4/2011,2223570.42,5295350,17729.51938,,
2/5/2011,2376311.45,5348439,7014.080127,,
2/6/2011,2344381.56,5299235,3868.392494,,
2/7/2011,2241046.61,5337096,950.771172,,
2/8/2011,2191212.61,5344421,2878.72808,,
2/9/2011,2220557.94,5325079,20696.75417,,
2/10/2011,2262641.75,5371894,11186.92079,,
2/11/2011,2386107.14,5350016,5931.433834,,
2/12/2011,2381314.67,5424407,1808.20588,,
2/13/2011,2603295.29,5424662,1555.183136,,
2/14/2011,2954489.45,5371799,3903.1014,,
2/15/2011,3798043.20,5425776,6031.6039,,
2/16/2011,3850801.94,5378215,5149.7405,,
2/17/2011,3775926.33,5472357,2766.79236,,
2/18/2011,4384832.89,5406699,29964.95452,,
2/19/2011,5005114.64,5440342,3494.81136,,
2/20/2011,4872908.04,5429424,8951.706285,,
2/21/2011,4924630.77,5533293,1513.10769,,
2/22/2011,5008207.75,5455564,11103.45235,,
2/23/2011,5999306.59,5503951,7323.57048,,
2/24/2011,5411131.80,5519817,13154.47109,,
2/25/2011,5932498.17,5544339,4773.379881,,
2/26/2011,6015009.31,5579786,5114.469668,,
2/27/2011,5811668.10,5534922,24432.1875,,
2/28/2011,5957721.48,5567964,4977.29118,,
3/1/2011,5814646.95,5537759,23698.27215,,
3/2/2011,5862653.78,5610195,2865.257285,,
3/3/2011,5801389.36,5578259,2856.5368,,
3/4/2011,4989540.41,5550718,2437.713427,,
3/5/2011,5269926.98,5553254,11929.2366,,
3/6/2011,4787211.05,5632013,10732.5182,,
3/7/2011,4696522.61,5627948,12743.87315,,
3/8/2011,4891019.81,5620376,3940.271776,,
3/9/2011,5084828.10,5649809,4091.4414,,
3/10/2011,5599052.36,5613479,8846.219637,,
3/11/2011,5158994.42,5662380,3394.313983,,
3/12/2011,5457868.74,5697149,4620.270182,,
3/13/2011,5051464.67,5675803,587.6759,,
3/14/2011,4852804.56,5642796,4531.5421,,
3/15/2011,5240622.53,5694967,2514.185515,,
3/16/2011,5312037.53,5651705,7453.045139,,
3/17/2011,5370749.62,5719100,6723.676861,,
3/18/2011,5122473.07,5684058,12820.67217,,
3/19/2011,5160185.75,5668665,8989.247091,,
3/20/2011,5138214.82,5709762,5233.205568,,
3/21/2011,5084109.79,5744627,3271.000289,,
3/22/2011,5010440.32,5759193,10568.39753,,
3/23/2011,4914792.50,5714875,11405.54102,,
3/24/2011,5328286.34,5711530,13069.33941,,
3/25/2011,5086370.08,5779966,4241.0852,,
3/26/2011,5338283.83,5815124,10792.39356,,
3/27/2011,5169614.45,5792350,4763.348541,,
3/28/2011,5149772.75,5754579,11244.55631,,
3/29/2011,5033173.59,5785257,3667.06479,,
3/30/2011,4940630.51,5744986,2767.637878,,
3/31/2011,4812991.00,5830960,5674.830184,,
4/1/2011,4703560.02,5760778,2601.93152,,
4/2/2011,4480156.71,5856414,1907.600175,,
4/3/2011,4316793.22,5825003,2913.470796,,
4/4/2011,4410031.62,5810548,23646.05796,,
4/5/2011,4741241.94,5860548,7871.91243,,
4/6/2011,4931348.07,5803566,7395.829956,,
4/7/2011,5102355.12,5885884,9390.904105,,
4/8/2011,5231959.05,5920046,16091.06552,,
4/9/2011,5020288.26,5870309,10364.50831,,
4/10/2011,4795236.46,5833621,4396.86156,,
4/11/2011,4747936.25,5942497,11701.80116,,
4/12/2011,4660739.26,5881059,38370.94879,,
4/13/2011,4635561.90,5870029,34271.05155,,
4/14/2011,4602159.77,5865538,24410.68981,,
4/15/2011,4615531.79,5962372,38941.30242,,
4/16/2011,4634968.90,5927146,22575.50313,,
4/17/2011,4645087.42,5962885,18871.81952,,
4/18/2011,4050499.56,5956617,18685.5092,,
4/19/2011,4247787.29,5982799,8915.27972,,
4/20/2011,4448074.88,6010912,15795.26522,,
4/21/2011,4534354.25,6015328,29621.09414,,
4/22/2011,4469018.95,5959566,29557.20681,,
4/23/2011,4380794.24,6001088,48632.86134,,
4/24/2011,4419336.68,5997200,15874.07283,,
4/25/2011,4646518.80,6034440,10373.13354,,
4/26/2011,5184060.22,6027977,20686.70746,,
4/27/2011,5615421.71,6087178,30493.47366,,
4/28/2011,6049577.00,6049577,100238.232,,
4/29/2011,5985287.88,6046295,56996.3688,,
4/30/2011,6396713.13,6092688,68692.64407,,
5/1/2011,6694485.44,6018597,50912.27791,,
5/2/2011,6993612.28,6018651,21303.72828,,
5/3/2011,7228950.29,6041747,20243.79767,,
5/4/2011,7012382.07,6139902,19733.53272,,
5/5/2011,7455926.83,6161923,18573.91261,,
5/6/2011,8669269.37,6152738,32427.93963,,
5/7/2011,10386898.66,6109581,30318.37463,,
5/8/2011,10057235.37,6165922,34469.24359,,
5/9/2011,9547969.22,6124419,17961.12363,,
5/10/2011,10994639.98,6125523,100903.9127,,
5/11/2011,11779610.50,6199795,99881.3774,,
5/12/2011,13695299.18,6195314,70125.36169,,
5/13/2011,17984669.76,6244677,184329.7142,,
5/14/2011,21753725.00,6215350,193866.5785,,
5/15/2011,18719511.72,6171722,55490.35315,,
5/16/2011,20081520.00,6275475,141252.496,,
5/17/2011,21079924.36,6181796,120528.0016,,
5/18/2011,21421591.45,6289203,86526.38592,,
5/19/2011,20982241.57,6295302,81446.5512,,
5/20/2011,21559628.24,6245547,153477.4216,,
5/21/2011,22855398.07,6277231,113278.4352,,
5/22/2011,24561373.24,6353339,92287.36015,,
5/23/2011,23874138.40,6282668,134063.544,,
5/24/2011,37022296.08,6372168,170131.203,,
5/25/2011,34734601.00,6315382,352274.681,,
5/26/2011,40037115.23,6354906,180468.8795,,
5/27/2011,51868737.80,6326999,118312.2079,,
5/28/2011,46021590.80,6393939,88155.30616,,
5/29/2011,44185054.72,6323886,52315.51686,,
5/30/2011,51265200.00,6408150,141441.208,,
5/31/2011,46349357.16,6446364,329261.9158,,
6/1/2011,43693765.44,6350838,299142.1248,,
6/2/2011,43908189.13,6446185,279593.4455,,
6/3/2011,35806224.33,6404960,407988.0151,,
6/4/2011,39705810.63,6488185,272176.2013,,
6/5/2011,42912027.45,6414258,162428.7506,,
6/6/2011,45801193.77,6405842,393906.2308,,
6/7/2011,48322972.60,6512530,398565.5745,,
6/8/2011,53830040.23,6408567,881339.8413,,
6/9/2011,57106797.43,6490884,553690.3407,,
6/10/2011,55268691.41,6502046,783788.1416,,
6/11/2011,54018295.82,6508150,1011532.955,,
6/12/2011,54647981.65,6482637,1274551.633,,
6/13/2011,57186747.20,6498494,646111.7608,,
6/14/2011,57625706.82,6592576,316039.5086,,
6/15/2011,62817546.99,6564007,265202.8639,,
6/16/2011,69966317.60,6600596,521542.631,,
6/17/2011,93657374.50,6554050,1552233.716,,
6/18/2011,124069284.00,6599430,668087.1776,,
6/19/2011,110231823.60,6600708,503951.5413,,
6/20/2011,121948637.89,6574086,279248.7758,,
6/21/2011,157116187.87,6567469,752451.628,,
6/22/2011,195544615.20,6606237,722184.8251,,
6/23/2011,192736719.57,6664709,608552.9529,,
6/24/2011,160164145.64,6687522,837309.7851,,
6/25/2011,98075020.14,6694038,487653.7217,,
6/26/2011,123645695.91,6666830,360834.9355,,
6/27/2011,131708514.56,6638534,333425.7584,,
6/28/2011,128170008.16,6647822,1008199.79,,
6/29/2011,130476604.09,6694541,1639162.83,,
6/30/2011,113217076.00,6659828,1901380.815,,
7/1/2011,105778349.48,6745638,854241.6358,,
7/2/2011,114520060.83,6780347,588876.8513,,
7/3/2011,117702675.26,6722026,208765.5225,,
7/4/2011,112160612.85,6696140,758624.1807,,
7/5/2011,113215019.56,6679431,833692.4864,,
7/6/2011,113567575.02,6741916,444597.1282,,
7/7/2011,108852671.81,6760624,167168.0198,,
7/8/2011,104585138.70,6792566,272718.4284,,
7/9/2011,104605839.80,6792587,382628.1976,,
7/10/2011,104976401.96,6798774,267509.6323,,
7/11/2011,93417550.38,6740083,477243.7616,,
7/12/2011,88400213.91,6849061,980274.7659,,
7/13/2011,99835034.78,6753153,999231.4692,,
7/14/2011,99850432.95,6757568,343248.1037,,
7/15/2011,97086898.79,6782658,358546.9573,,
7/16/2011,97489655.78,6779531,218779.0097,,
7/17/2011,101201843.00,6792070,335367.4562,,
7/18/2011,96853084.71,6816262,378793.2191,,
7/19/2011,96532159.54,6890513,431050.282,,
7/20/2011,95017974.68,6810841,235657.3109,,
7/21/2011,95216163.84,6806016,161872.4114,,
7/22/2011,95215226.98,6894658,453262.1555,,
7/23/2011,93867069.98,6842072,100396.7765,,
7/24/2011,90603810.08,6884788,80863.12878,,
7/25/2011,92499328.64,6861968,618140.6046,,
7/26/2011,94778217.24,6843074,302270.0365,,
7/27/2011,93966218.80,6864144,785846.9758,,
7/28/2011,93553915.10,6873910,1230113.337,,
7/29/2011,94271519.67,6883434,686259.4111,,
7/30/2011,94525010.64,6909723,422693.6827,,
7/31/2011,97779069.82,6994206,1433575.535,,
8/1/2011,97049872.50,6908546,1264565.964,,
8/2/2011,96001828.11,6915492,473860.435,,
8/3/2011,98013566.86,7031405,1597014.21,,
8/4/2011,93981400.95,6966689,328065.3234,,
8/5/2011,94925342.60,7032382,788007.6788,,
8/6/2011,94410139.27,6977662,563727.6469,,
8/7/2011,92600098.95,6936337,397884.0311,,
8/8/2011,91348086.74,6976012,579181.638,,
8/9/2011,84435928.55,7007131,461741.028,,
8/10/2011,64806748.94,6998569,142514.4464,,
8/11/2011,75685858.75,7040545,247203.7102,,
8/12/2011,68750610.46,7015440,81758.54628,,
8/13/2011,46127366.30,7042346,222275.4944,,
8/14/2011,55458323.90,7020041,79336.26111,,
8/15/2011,54503087.91,6987656,68866.42688,,
8/16/2011,71269509.15,7134085,370540.5213,,
8/17/2011,70511703.98,7065301,128099.5207,,
8/18/2011,67305077.86,7112837,74809.9226,,
8/19/2011,66656350.49,7045746,526616.6936,,
8/20/2011,71284613.47,7036286,842736.4167,,
8/21/2011,76729466.14,7107410,238253.9366,,
8/22/2011,78674713.36,7056161,270057.6649,,
8/23/2011,77994863.29,7113665,238561.6984,,
8/24/2011,77554289.54,7085463,130118.2496,,
8/25/2011,76970494.74,7107149,213867.7147,,
8/26/2011,82950166.90,7120186,139701.7904,,
8/27/2011,81044554.67,7076273,194178.1516,,
8/28/2011,81004012.48,7161367,80740.12666,,
8/29/2011,78519382.51,7206919,216075.375,,
8/30/2011,79104433.55,7230746,339591.5213,,
8/31/2011,77041213.11,7100180,898307.5343,,
9/1/2011,69328258.40,7179053,481867.9815,,
9/2/2011,59177829.39,7234993,262635.9611,,
9/3/2011,61903850.33,7206334,1873617.087,,
9/4/2011,64744086.87,7138181,406082.0423,,
9/5/2011,64098178.28,7146636,1266063.191,,
9/6/2011,63153918.38,7183651,565093.8644,,
9/7/2011,58822177.81,7173865,214275.549,,
9/8/2011,58813566.50,7163650,372914.203,,
9/9/2011,61903621.44,7164771,767420.5201,,
9/10/2011,61255246.08,7223496,275151.2246,,
9/11/2011,59835867.16,7316705,189823.658,,
9/12/2011,55203028.47,7253049,359837.5703,,
9/13/2011,49446199.49,7204960,363883.6697,,
9/14/2011,52231998.45,7268173,864795.3203,,
9/15/2011,47754438.52,7313084,471283.2544,,
9/16/2011,36342338.51,7225117,177317.4182,,
9/17/2011,34666390.94,7261650,276521.985,,
9/18/2011,42365694.69,7224278,120419.2405,,
9/19/2011,44302499.45,7288993,74590.69791,,
9/20/2011,42757652.20,7372009,342705.3928,,
9/21/2011,40903676.50,7279115,181660.5595,,
9/22/2011,35216904.80,7276220,170386.0814,,
9/23/2011,35294054.76,7322418,81676.80028,,
9/24/2011,35098680.78,7358214,204877.5924,,
9/25/2011,38367180.80,7378304,124744.8674,,
9/26/2011,40358488.38,7391651,60199.39154,,
9/27/2011,45303420.51,7412318,119964.9743,,
9/28/2011,41122493.98,7328384,112082.3711,,
9/29/2011,39906860.32,7352295,111992.3911,,
9/30/2011,40848246.08,7366495,319722.9024,,
10/1/2011,40046540.61,7323412,542498.1841,,
10/2/2011,39353356.77,7383369,215503.8147,,
10/3/2011,35835060.16,7358797,186686.8012,,
10/4/2011,36597005.75,7445074,86695.84945,,
10/5/2011,35109887.76,7356754,200497.6827,,
10/6/2011,35222772.38,7369783,330681.9526,,
10/7/2011,38214266.39,7434552,106034.2533,,
10/8/2011,37066009.53,7365459,107786.2615,,
10/9/2011,37027965.34,7365803,216277.6527,,
10/10/2011,37066387.15,7377849,189359.4261,,
10/11/2011,37030740.00,7465875,1037880.985,,
10/12/2011,36264679.02,7446546,431804.2897,,
10/13/2011,35249838.75,7445424,486966.6462,,
10/14/2011,31698899.09,7418765,211063.3804,,
10/15/2011,30033111.10,7494170,295924.897,,
10/16/2011,30766028.29,7498642,498375.2528,,
10/17/2011,30553884.70,7452167,155154.4761,,
10/18/2011,29443067.78,7490350,365077.9642,,
10/19/2011,31380117.10,7561474,424895.2019,,
10/20/2011,30336001.53,7497498,121804.7204,,
10/21/2011,29965379.06,7514056,237423.2508,,
10/22/2011,28796516.56,7494916,205440.4521,,
10/23/2011,26956803.84,7578501,287080.6458,,
10/24/2011,19182163.10,7493091,132507.4183,,
10/25/2011,18372787.34,7595168,76200.85384,,
10/26/2011,17167158.75,7562625,87910.79044,,
10/27/2011,17818486.72,7588761,76975.87545,,
10/28/2011,19247053.82,7489126,64183.90109,,
10/29/2011,23822292.36,7541564,128122.9058,,
10/30/2011,24187911.52,7630256,169864.0838,,
10/31/2011,19158558.95,7527921,44239.30728,,
11/1/2011,20793295.85,7506605,67920.52191,,
11/2/2011,20835030.31,7513480,172507.4053,,
11/3/2011,22912932.33,7537124,160664.0844,,
11/4/2011,24463959.94,7668977,110640.6651,,
11/5/2011,27255880.16,7610972,162206.9415,,
11/6/2011,24650195.22,7538286,69075.33038,,
11/7/2011,24767862.66,7625550,32031.4001,,
11/8/2011,24245688.60,7697044,1196451.727,,
11/9/2011,25020231.17,7688384,252457.3293,,
11/10/2011,23972082.11,7605356,141891.6013,,
11/11/2011,23689768.55,7619739,376411.3829,,
11/12/2011,22904036.88,7711745,295667.3536,,
11/13/2011,22709085.01,7673051,236074.4645,,
11/14/2011,23154871.17,7700912,243775.35,,
11/15/2011,23346259.02,7692317,132372.2942,,
11/16/2011,22705575.02,7696779,103454.0962,,
11/17/2011,21622656.19,7613799,117259.5265,,
11/18/2011,23868996.42,7749649,274223.1257,,
11/19/2011,23339835.40,7700400,137464.0833,,
11/20/2011,22879012.21,7634328,109893.0355,,
11/21/2011,17081048.52,7694166,51948.58886,,
11/22/2011,18005792.96,7731259,99582.33575,,
11/23/2011,19908848.90,7775831,464963.4743,,
11/24/2011,17256129.75,7669391,272617.7989,,
11/25/2011,15826334.85,7720201,134943.2444,,
11/26/2011,16883906.02,7689007,128661.012,,
11/27/2011,17136308.20,7789231,273051.2993,,
11/28/2011,17760342.99,7742085,220099.9864,,
11/29/2011,18223789.22,7825063,73828.90322,,
11/30/2011,17985017.45,7711974,133201.9285,,
12/1/2011,18827457.64,7741235,144148.9929,,
12/2/2011,19531879.78,7793673,103416.7415,,
12/3/2011,19286722.90,7808295,87478.54825,,
12/4/2011,19303351.61,7783892,187273.5341,,
12/5/2011,20100076.65,7882383,281600.9221,,
12/6/2011,21561849.87,7840131,113773.5903,,
12/7/2011,23390357.25,7875276,99507.43881,,
12/8/2011,24022897.20,7850620,226097.5695,,
12/9/2011,24185253.24,7763877,95952.16149,,
12/10/2011,21960012.98,7859704,87207.29872,,
12/11/2011,22316135.79,7890886,48287.25967,,
12/12/2011,22556848.48,7832783,33073.72054,,
12/13/2011,24032251.08,7931436,430077.3138,,
12/14/2011,23629776.94,7902909,562261.3543,,
12/15/2011,23421757.00,7859650,149427.2265,,
12/16/2011,23503482.15,7913657,172685.93,,
12/17/2011,24063258.65,7889593,64348.89254,,
12/18/2011,25901939.59,7967131,50878.69571,,
12/19/2011,24590338.08,7843808,228450.8474,,
12/20/2011,25677879.14,7901129,291075.3393,,
12/21/2011,25054284.15,7953741,99619.70473,,
12/22/2011,25521430.40,7975447,111183.6662,,
12/23/2011,25346076.80,7920649,172698.6803,,
12/24/2011,25423421.66,7944571,133681.7866,,
12/25/2011,25351593.01,7939741,393441.4376,,
12/26/2011,28151606.15,7997161,387868.9457,,
12/27/2011,31384499.85,7945443,275866.3975,,
12/28/2011,31353800.67,8060103,493325.963,,
12/29/2011,30825545.30,7924101,516577.3146,,
12/30/2011,31649552.46,8019082,733058.1984,,
12/31/2011,31312901.78,7947437,872554.1735,,
1/1/2012,33515273.03,7932609,207695.6139,,
1/2/2012,32392895.01,8061945,239878.414,,
1/3/2012,32452475.59,7973640,610253.9958,,
1/4/2012,33340935.69,7965781,464779.6163,,
1/5/2012,33778502.91,8108138,420691.6556,,
1/6/2012,34415040.31,8101469,600975.2905,,
1/7/2012,37747332.07,7993895,289323.7785,,
1/8/2012,42474617.52,8063280,755692.0272,,
1/9/2012,42119760.04,8073900,327979.047,,
1/10/2012,39429669.70,8078526,606300.2826,,
1/11/2012,44994313.49,8072423,1195903.582,,
1/12/2012,55895825.03,8045343,1582309.197,,
1/13/2012,53724895.39,8022317,774075.1129,,
1/14/2012,55295647.32,8119772,460290.1833,,
1/15/2012,57336621.43,8060164,463991.2926,,
1/16/2012,51812543.56,8190800,286647.7072,,
1/17/2012,51719265.60,8131960,118705.1341,,
1/18/2012,56019858.00,8118820,249248.4831,,
1/19/2012,55918112.97,8223264,912196.4451,,
1/20/2012,51979093.83,8109063,799216.0552,,
1/21/2012,54813334.70,8120482,791957.507,,
1/22/2012,57208311.87,8170550,634801.7076,,
1/23/2012,54268767.01,8120979,315674.7716,,
1/24/2012,45410529.02,8109052,240159.2168,,
1/25/2012,48306057.44,8159807,291944.076,,
1/26/2012,52527680.66,8259342,743686.395,,
1/27/2012,53365179.74,8222944,363822.2533,,
1/28/2012,50299180.68,8139026,375049.7712,,
1/29/2012,51583419.09,8175257,133960.3865,,
1/30/2012,52183700.69,8210148,772443.724,,
1/31/2012,52262297.78,8309082,572458.4332,,
2/1/2012,47448264.00,8251872,424448.1023,,
2/2/2012,44297008.80,8295320,1279281.447,,
2/3/2012,43490431.12,8218162,482893.1327,,
2/4/2012,46843198.10,8325208,228980.4311,,
2/5/2012,44127431.82,8200753,381869.7918,,
2/6/2012,45829915.04,8347160,457025.1721,,
2/7/2012,45161752.55,8235500,939910.9843,,
2/8/2012,50432356.66,8300789,1820230.941,,
2/9/2012,50891842.50,8342925,994197.911,,
2/10/2012,49392728.40,8288344,1000607.397,,
2/11/2012,48646742.71,8282510,807383.6733,,
2/12/2012,47223955.26,8301201,405611.637,,
2/13/2012,45852853.01,8408045,344823.0672,,
2/14/2012,47354535.66,8322414,223235.6389,,
2/15/2012,47096263.00,8410077,299592.1376,,
2/16/2012,48335742.95,8290865,615707.2085,,
2/17/2012,49707955.45,8407123,985904.0321,,
2/18/2012,46663394.00,8332005,514039.1104,,
2/19/2012,46028668.16,8346571,479065.8247,,
2/20/2012,43948462.46,8355221,375773.2389,,
2/21/2012,37676939.09,8442217,139186.9039,,
2/22/2012,36304582.32,8393929,278215.3612,,
2/23/2012,36255275.73,8482949,124208.9056,,
2/24/2012,36800616.51,8344811,204734.3844,,
2/25/2012,35263063.48,8352198,557837.6666,,
2/26/2012,36844971.78,8399265,180396.6097,,
2/27/2012,36994117.43,8482049,260514.6414,,
2/28/2012,36287705.14,8494313,294024.8915,,
2/29/2012,37044949.82,8372232,207028.4001,,
3/1/2012,42329859.75,8440650,243179.3023,,
3/2/2012,42833513.06,8517641,298644.6564,,
3/3/2012,40390679.42,8462290,165587.8206,,
3/4/2012,41572304.68,8446222,146935.8719,,
3/5/2012,41773048.48,8428817,220132.3776,,
3/6/2012,41076823.32,8438166,119887.3475,,
3/7/2012,41216209.05,8480684,644292.3988,,
3/8/2012,42209985.18,8576999,329878.0554,,
3/9/2012,39873289.36,8474681,211793.5598,,
3/10/2012,39654766.99,8593774,160089.0204,,
3/11/2012,41252995.49,8558695,195735.9693,,
3/12/2012,42274424.94,8481568,130978.3659,,
3/13/2012,43067706.76,8630630,959139.1192,,
3/14/2012,42077486.19,8521988,338687.5869,,
3/15/2012,42521658.76,8624803,238913.1325,,
3/16/2012,41784442.38,8595641,304850.642,,
3/17/2012,41842367.82,8657370,273921.0121,,
3/18/2012,42226775.78,8600158,197203.8131,,
3/19/2012,41737075.54,8535102,360566.7772,,
3/20/2012,45420907.36,8618768,381328.0337,,
3/21/2012,46277162.14,8601703,418287.8221,,
3/22/2012,46121255.52,8658732,209998.0682,,
3/23/2012,46401850.56,8683176,233715.5536,,
3/24/2012,44852640.30,8599214,234126.1924,,
3/25/2012,45353239.06,8590556,199851.5813,,
3/26/2012,40764531.29,8684576,179066.6925,,
3/27/2012,42027853.26,8687210,424852.2462,,
3/28/2012,41884968.53,8699068,388319.773,,
3/29/2012,40862227.22,8686144,270659.7801,,
3/30/2012,40788109.41,8704323,180280.8071,,
3/31/2012,40334904.79,8625942,295561.3601,,
4/1/2012,39640073.87,8712085,385410.2999,,
4/2/2012,40498291.74,8767553,208021.8516,,
4/3/2012,41800265.09,8688026,211384.4944,,
4/4/2012,41981557.46,8768078,297759.2482,,
4/5/2012,42209517.56,8778324,343837.2817,,
4/6/2012,42152879.52,8673432,275092.4518,,
4/7/2012,42731108.24,8705125,503937.5565,,
4/8/2012,42414684.88,8786966,332043.8199,,
4/9/2012,43638399.17,8773301,173527.531,,
4/10/2012,43325751.18,8749142,211303.7772,,
4/11/2012,42765475.99,8709731,168707.845,,
4/12/2012,43309979.89,8804631,429667.3812,,
4/13/2012,43860340.72,8860836,280623.931,,
4/14/2012,41037924.67,8755411,526715.3611,,
4/15/2012,42179816.80,8801177,307333.7236,,
4/16/2012,43249431.00,8877305,192133.4341,,
4/17/2012,42514001.25,8789914,265360.2236,,
4/18/2012,43226227.98,8771734,405429.3215,,
4/19/2012,43461550.21,8834223,193357.1535,,
4/20/2012,43304115.36,8766033,320798.8501,,
4/21/2012,43541112.07,8778981,144153.0415,,
4/22/2012,44100302.88,8875229,473992.6569,,
4/23/2012,44067953.23,8935090,115156.2361,,
4/24/2012,44247794.60,8892474,295142.6573,,
4/25/2012,45356615.09,8862522,197759.3733,,
4/26/2012,45754705.27,8905748,540631.1796,,
4/27/2012,47890936.95,8951577,216979.5033,,
4/28/2012,47191749.27,8971679,254830.8571,,
4/29/2012,46111346.32,8861568,130216.5051,,
4/30/2012,44068166.99,8884729,118177.4879,,
5/1/2012,45275966.28,8880740,260382.7109,,
5/2/2012,45603574.60,8886433,376117.8796,,
5/3/2012,45375934.28,8901396,241496.8261,,
5/4/2012,45768900.15,8957661,403816.9835,,
5/5/2012,44200266.53,8876625,353428.3972,,
5/6/2012,43662314.35,8902664,128372.33,,
5/7/2012,44452252.00,8981886,82455.85358,,
5/8/2012,44733870.00,8946774,293278.3473,,
5/9/2012,45803829.42,9027751,281547.9823,,
5/10/2012,46348325.52,9027054,392226.6082,,
5/11/2012,45293730.59,8938964,152841.6489,,
5/12/2012,45287566.01,8920143,292801.1987,,
5/13/2012,45794669.49,9068413,138049.0416,,
5/14/2012,45643713.07,9020461,113222.8876,,
5/15/2012,45585927.69,9026970,227557.7753,,
5/16/2012,45523230.76,9025761,255834.9335,,
5/17/2012,43724520.25,9015365,295686.912,,
5/18/2012,45061312.32,9084942,162656.3317,,
5/19/2012,44977377.48,9093338,146720.2076,,
5/20/2012,44226084.49,8970881,152466.4822,,
5/21/2012,45600759.42,9109330,162801.3691,,
5/22/2012,45411022.49,9019071,189854.1906,,
5/23/2012,46426586.52,9123467,349803.0988,,
5/24/2012,46393344.68,9097091,234308.8295,,
5/25/2012,46218291.67,9030520,231624.1222,,
5/26/2012,45971304.07,9014865,261355.8788,,
5/27/2012,46546298.69,9144620,105935.6443,,
5/28/2012,46360876.92,9090778,83422.517,,
5/29/2012,46026285.77,9026939,279072.24,,
5/30/2012,46958483.57,9136425,472533.8851,,
5/31/2012,46557658.56,9094998,233955.4396,,
6/1/2012,47395917.75,9211211,284126.3741,,
6/2/2012,46739957.67,9158879,315569.6159,,
6/3/2012,46937595.62,9133676,230258.7774,,
6/4/2012,46803028.17,9113094,165469.1911,,
6/5/2012,46781163.59,9083774,245221.2035,,
6/6/2012,47150175.93,9182118,483324.5523,,
6/7/2012,47828556.52,9233116,336509.8048,,
6/8/2012,48193095.85,9136461,235721.4045,,
6/9/2012,48242950.01,9190919,386654.7793,,
6/10/2012,47744013.98,9172545,474122.3733,,
6/11/2012,48213250.65,9155591,286086.8392,,
6/12/2012,49748472.57,9144923,281313.1772,,
6/13/2012,49876361.43,9134848,266386.7407,,
6/14/2012,51982954.28,9297613,401676.7743,,
6/15/2012,52428978.51,9307470,312527.5779,,
6/16/2012,51001438.01,9172970,339505.9659,,
6/17/2012,50832327.04,9295836,139319.092,,
6/18/2012,51787991.13,9289809,230551.4362,,
6/19/2012,53179125.29,9329622,409646.1434,,
6/20/2012,54753645.02,9234887,342331.168,,
6/21/2012,54727300.68,9191532,350303.1523,,
6/22/2012,60350907.50,9284755,320448.4488,,
6/23/2012,59117862.40,9237166,250440.3975,,
6/24/2012,56993539.73,9246464,172438.7162,,
6/25/2012,59110132.16,9367721,160526.8798,,
6/26/2012,60091492.70,9246609,287923.8827,,
6/27/2012,62749132.22,9407666,513598.383,,
6/28/2012,62085752.37,9294163,262956.3964,,
6/29/2012,61381109.09,9374296,334753.3452,,
6/30/2012,60575665.50,9422986,309646.7761,,
7/1/2012,59786543.20,9415174,272061.1675,,
7/2/2012,59096332.52,9373199,137085.4545,,
7/3/2012,59639145.05,9290310,479705.4029,,
7/4/2012,62226016.79,9361519,523692.1557,,
7/5/2012,62186149.09,9413757,298168.0852,,
7/6/2012,63015473.15,9476011,470712.7371,,
7/7/2012,63003870.59,9417633,470077.1856,,
7/8/2012,62367823.64,9408359,117665.5422,,
7/9/2012,63521814.35,9396732,198660.7453,,
7/10/2012,60984797.64,9455110,723246.904,,
7/11/2012,61290462.70,9414673,1439716.88,,
7/12/2012,62636382.54,9390762,778960.5613,,
7/13/2012,62335637.77,9376445,361544.9395,,
7/14/2012,64289393.26,9507354,1089106.935,,
7/15/2012,64070555.17,9423554,989293.9348,,
7/16/2012,66166740.13,9423448,231608.9035,,
7/17/2012,68359904.14,9494563,1129398.303,,
7/18/2012,67487198.35,9438769,334519.6019,,
7/19/2012,73220315.12,9430297,543714.326,,
7/20/2012,73396421.54,9575403,280860.5847,,
7/21/2012,71096261.81,9426587,224376.3943,,
7/22/2012,72536811.29,9518005,151122.3289,,
7/23/2012,81420073.79,9579283,112494.5445,,
7/24/2012,84310783.81,9580760,540513.7733,,
7/25/2012,86204824.31,9462898,673745.2625,,
7/26/2012,84298078.76,9503740,698734.7651,,
7/27/2012,81747508.56,9594778,1144319.389,,
7/28/2012,84279024.54,9527866,619784.0974,,
7/29/2012,79744326.34,9482535,484964.6195,,
7/30/2012,80952737.64,9585140,640249.4926,,
7/31/2012,81779094.20,9509197,513030.215,,
8/1/2012,83638104.00,9504330,434991.0918,,
8/2/2012,86071303.70,9670933,323194.8931,,
8/3/2012,85117570.80,9563772,992885.6402,,
8/4/2012,84816311.88,9542682,662640.3742,,
8/5/2012,83858446.70,9627537,205576.2011,,
8/6/2012,87961738.50,9668250,306487.0098,,
8/7/2012,91015424.50,9734270,611662.6247,,
8/8/2012,92013731.04,9634643,478326.3428,,
8/9/2012,101023577.46,9593882,682477.1183,,
8/10/2012,106549108.84,9712772,1162518.674,,
8/11/2012,105608364.50,9614763,2626623.15,,
8/12/2012,105093303.69,9668215,1026380.458,,
8/13/2012,106088585.94,9773093,2746008.379,,
8/14/2012,108633801.90,9786829,2292228.588,,
8/15/2012,106293879.34,9614744,883372.8728,,
8/16/2012,107690980.21,9736010,880819.6357,,
8/17/2012,109774524.33,9640871,691945.4774,,
8/18/2012,112050438.80,9734882,1168073.892,,
8/19/2012,113117487.05,9731382,513567.0914,,
8/20/2012,116353969.07,9665966,356140.1156,,
8/21/2012,118230566.20,9698980,2309799.057,,
8/22/2012,130205113.25,9826801,864444.8861,,
8/23/2012,132351894.00,9803844,812571.7216,,
8/24/2012,112902349.05,9746741,405607.5565,,
8/25/2012,113216807.43,9751663,859332.2236,,
8/26/2012,78633072.00,9829134,208048.1247,,
8/27/2012,98229256.90,9725669,289246.8877,,
8/28/2012,97418581.42,9825354,257906.8676,,
8/29/2012,95773483.80,9766038,388241.546,,
8/30/2012,99170474.23,9818888,679219.3958,,
8/31/2012,104915079.40,9897649,792849.6448,,
9/1/2012,104433542.79,9923464,419092.1537,,
9/2/2012,104414516.62,9841142,305474.0717,,
9/3/2012,107652165.60,9831248,180797.9657,,
9/4/2012,108295508.54,9899041,520753.8696,,
9/5/2012,108208563.89,9912023,832893.5238,,
9/6/2012,105667977.42,9804962,694971.6364,,
9/7/2012,100698239.04,9911244,257079.9196,,
9/8/2012,98349236.29,9869031,490609.54,,
9/9/2012,100623793.37,9861114,186031.7679,,
9/10/2012,103404779.01,9820017,361404.1767,,
9/11/2012,103216530.02,9939279,342444.3145,,
9/12/2012,108169355.19,9833837,544900.3433,,
9/13/2012,111024199.32,9929720,528630.7099,,
9/14/2012,108353729.00,9850339,416594.6631,,
9/15/2012,110213296.67,9985802,448169.5419,,
9/16/2012,108870855.76,9879388,189591.9324,,
9/17/2012,111269519.37,9961461,488331.3896,,
9/18/2012,113790905.81,10042610,404787.3757,,
9/19/2012,113635398.51,9998812,310026.9966,,
9/20/2012,114074637.58,10007425,331505.1843,,
9/21/2012,116920457.97,10018891,300705.8634,,
9/22/2012,116544936.50,9918718,384048.846,,
9/23/2012,118315400.13,9967599,243946.018,,
9/24/2012,119748946.00,10071400,109547.0972,,
9/25/2012,122797001.25,10024245,428967.083,,
9/26/2012,125020361.67,9943954,824622.7174,,
9/27/2012,122234903.35,9951932,571501.7597,,
9/28/2012,123716782.43,10002974,567763.4266,,
9/29/2012,123734722.43,10110855,479121.3239,,
9/30/2012,122891920.93,10078635,340295.6522,,
10/1/2012,120982745.40,9998574,857407.5658,,
10/2/2012,121770530.26,9983646,1297665.887,,
10/3/2012,124993397.97,10186911,634716.3048,,
10/4/2012,123856630.09,10062372,422758.8913,,
10/5/2012,126055306.00,10173126,312138.5716,,
10/6/2012,126030217.24,10194071,307735.8638,,
10/7/2012,125907789.60,10153854,228762.2161,,
10/8/2012,124411977.60,10033224,323380.9399,,
10/9/2012,130776838.08,10185112,429670.2874,,
10/10/2012,130180544.16,10099344,570638.8856,,
10/11/2012,131611550.40,10242144,377838.8009,,
10/12/2012,127845315.73,10076081,324417.5355,,
10/13/2012,126017024.16,10077331,446306.3758,,
10/14/2012,119250818.46,10105993,302317.8963,,
10/15/2012,120374411.86,10220198,157177.6919,,
10/16/2012,120511361.49,10131262,532398.7492,,
10/17/2012,124073688.36,10237103,753738.3591,,
10/18/2012,123591287.70,10273590,331245.0864,,
10/19/2012,122006280.00,10167190,1124330.137,,
10/20/2012,121509464.59,10244445,1288520.827,,
10/21/2012,121001106.49,10307704,609309.2709,,
10/22/2012,121874931.28,10295169,304111.3506,,
10/23/2012,121092042.52,10218824,535966.659,,
10/24/2012,120767737.28,10225888,394993.5275,,
10/25/2012,121751721.17,10197158,557993.9262,,
10/26/2012,121510077.64,10349986,654612.0688,,
10/27/2012,121081287.55,10313647,380520.8136,,
10/28/2012,120473971.72,10357944,274630.2125,,
10/29/2012,120253119.32,10269162,295298.2505,,
10/30/2012,120296036.00,10325840,400283.5652,,
10/31/2012,120019688.18,10302128,397595.6886,,
11/1/2012,112397063.57,10348132,435806.1458,,
11/2/2012,105561035.80,10379027,343126.4809,,
11/3/2012,105553252.34,10287330,213921.3604,,
11/4/2012,110633031.71,10339555,168153.6984,,
11/5/2012,110220805.42,10398199,187079.3676,,
11/6/2012,113138301.48,10391549,528839.062,,
11/7/2012,116634792.09,10412891,258072.9702,,
11/8/2012,108964026.57,10308801,297310.5706,,
11/9/2012,108021364.65,10318439,399176.5483,,
11/10/2012,111192595.22,10447977,770425.5935,,
11/11/2012,111305339.65,10305945,255207.1657,,
11/12/2012,111084277.31,10335344,209591.437,,
11/13/2012,112800023.42,10349585,384498.6001,,
11/14/2012,114151248.12,10453411,347398.4623,,
11/15/2012,114130416.00,10446720,275585.8304,,
11/16/2012,113059999.19,10453999,798377.0357,,
11/17/2012,112661008.52,10345373,264303.8863,,
11/18/2012,113312794.80,10425607,246221.6629,,
11/19/2012,113984663.16,10354702,307994.4617,,
11/20/2012,114458558.48,10451691,471167.4261,,
11/21/2012,115216359.90,10522042,474939.1512,,
11/22/2012,116229654.33,10379770,426828.8659,,
11/23/2012,123717867.76,10530175,400388.8695,,
11/24/2012,123574351.56,10482272,363483.8775,,
11/25/2012,120913101.18,10377453,224373.8428,,
11/26/2012,123707248.82,10483754,208977.1847,,
11/27/2012,123103587.46,10492251,423853.2331,,
11/28/2012,122761760.75,10430065,870936.5273,,
11/29/2012,130082328.47,10472007,466457.9393,,
11/30/2012,130807392.64,10595973,674154.1203,,
12/1/2012,130037846.30,10477181,530889.3534,,
12/2/2012,131136742.89,10505984,197320.4622,,
12/3/2012,129739032.30,10594868,395721.7661,,
12/4/2012,128726921.40,10551387,430966.3621,,
12/5/2012,128945309.12,10442869,411099.3796,,
12/6/2012,130777028.55,10504179,564776.2718,,
12/7/2012,131946032.51,10501077,396008.2181,,
12/8/2012,132341667.25,10535071,1003819.377,,
12/9/2012,131135344.63,10490794,224256.2431,,
12/10/2012,132655837.00,10612433,587379.5414,,
12/11/2012,140852449.52,10485281,1000186.36,,
12/12/2012,144281193.39,10642537,405957.1621,,
12/13/2012,145749569.84,10639509,663274.1654,,
12/14/2012,145003570.91,10584125,568111.0852,,
12/15/2012,143467121.16,10549022,425668.036,,
12/16/2012,141974436.83,10524335,255391.1586,,
12/17/2012,139610788.74,10497036,346375.9583,,
12/18/2012,140233586.93,10583627,261703.7866,,
12/19/2012,139730360.09,10506840,215899.4418,,
12/20/2012,144758920.78,10644821,264736.7289,,
12/21/2012,142565329.34,10541163,342867.5342,,
12/22/2012,141757012.49,10500535,425919.213,,
12/23/2012,142300513.56,10642187,380493.815,,
12/24/2012,141149757.54,10603181,187732.7457,,
12/25/2012,140311000.19,10486614,241474.1161,,
12/26/2012,141405054.77,10592131,428597.364,,
12/27/2012,143462351.76,10652201,274573.9532,,
12/28/2012,141946563.99,10575869,320415.6923,,
12/29/2012,141063699.34,10510521,463414.5899,,
12/30/2012,143597428.40,10716226,369222.1039,,
12/31/2012,142074163.78,10563127,195601.8907,,
1/1/2013,143479670.19,10620249,439229.2714,,
1/2/2013,142050643.97,10677184,713878.0416,,
1/3/2013,142100965.96,10700382,477008.0397,,
1/4/2013,143285651.21,10694667,819552.5975,,
1/5/2013,144928305.00,10735430,603439.3002,,
1/6/2013,142188950.40,10579535,409281.7829,,
1/7/2013,142965399.44,10626277,564574.0399,,
1/8/2013,145297990.36,10693465,389901.2176,,
1/9/2013,146051336.74,10627519,818117.9101,,
1/10/2013,145394203.25,10558758,748488.0656,,
1/11/2013,150396298.96,10636238,1071215.909,,
1/12/2013,151597887.45,10723476,953854.5121,,
1/13/2013,150865980.39,10596761,539677.6225,,
1/14/2013,150165944.99,10637988,439326.4295,,
1/15/2013,154027674.72,10771151,1119351.22,,
1/16/2013,150540751.18,10564241,1012056.717,,
1/17/2013,158245921.92,10743104,874368.6136,,
1/18/2013,166449569.89,10738675,3086206.164,,
1/19/2013,168963202.85,10758568,1422239.451,,
1/20/2013,168212993.49,10772526,619122.3057,,
1/21/2013,166513069.60,10605928,479038.6705,,
1/22/2013,177916317.60,10590257,1129922.65,,
1/23/2013,183779697.74,10646847,1734515.435,,
1/24/2013,187380418.30,10707428,914310.7127,,
1/25/2013,180463940.89,10680893,1906768.804,,
1/26/2013,187945703.41,10801471,999164.5476,,
1/27/2013,192317619.72,10756019,1616781.976,,
1/28/2013,191585171.38,10752212,723458.4141,,
1/29/2013,200463676.47,10707952,1117643.814,,
1/30/2013,208690951.74,10688189,672355.8812,,
1/31/2013,209870431.73,10653316,1205919.488,,
2/1/2013,218209519.50,10691299,1534553.379,,
2/2/2013,221526834.07,10806730,1115221.091,,
2/3/2013,211553658.16,10777053,869051.2831,,
2/4/2013,221630389.38,10763982,1282772.547,,
2/5/2013,218764771.10,10707990,750654.2655,,
2/6/2013,221080357.92,10732051,1842340.688,,
2/7/2013,226885200.84,10712238,2102310.856,,
2/8/2013,239670553.15,10820341,3635241.194,,
2/9/2013,245758078.28,10845458,1344697.401,,
2/10/2013,253510593.60,10719264,603342.4678,,
2/11/2013,259175342.82,10812601,2122974.864,,
2/12/2013,266696262.65,10819321,872609.9833,,
2/13/2013,269905221.64,10723397,2921292.053,,
2/14/2013,260171029.80,10750869,1077230.222,,
2/15/2013,295084619.64,10840529,1162259.094,,
2/16/2013,293936301.80,10846358,2151171.806,,
2/17/2013,295791356.31,10868353,2281362.741,,
2/18/2013,292263051.24,10899400,753033.1756,,
2/19/2013,292624312.75,10858045,851233.1847,,
2/20/2013,320672852.83,10900718,1509768.7,,
2/21/2013,322898873.96,10892183,1132593.653,,
2/22/2013,323501081.89,10874834,4216475.432,,
2/23/2013,326191328.94,10784828,1439866.428,,
2/24/2013,321664876.66,10794127,1244790.256,,
2/25/2013,322043958.38,10774308,479246.9648,,
2/26/2013,331681978.89,10910595,1801879.324,,
2/27/2013,339942499.70,10930627,3130715.621,,
2/28/2013,337129836.21,10909927,4637351.827,,
3/1/2013,358617295.64,10743478,6227878.901,,
3/2/2013,377586009.00,10944522,1893158.565,,
3/3/2013,371308942.25,10841137,1864361.577,,
3/4/2013,375671667.61,10889037,1489908.617,,
3/5/2013,396456461.30,10966377,1872891.858,,
3/6/2013,440547578.10,10923570,8406868.634,,
3/7/2013,441697012.16,10767819,2463760.542,,
3/8/2013,455976713.43,10856591,1923389.885,,
3/9/2013,476226317.79,10779231,1117515.36,,
3/10/2013,512458652.25,10938285,987992.954,,
3/11/2013,499545004.00,10859674,864319.5623,,
3/12/2013,528827873.94,10926198,3830564.675,,
3/13/2013,481393337.00,10869135,5941034.344,,
3/14/2013,513666490.63,10947704,5088311.444,,
3/15/2013,518762392.92,10997812,5605627.065,,
3/16/2013,513635770.05,10940059,4151536.583,,
3/17/2013,515508188.96,10968215,8467632.808,,
3/18/2013,515618053.20,10878018,2476583.863,,
3/19/2013,560622808.25,10864781,4974074.079,,
3/20/2013,650542771.30,11000045,4249111.776,,
3/21/2013,697890570.85,10821888,5983176.12,,
3/22/2013,772788935.75,10907395,12056119.45,,
3/23/2013,771520702.73,11043020,7041303.511,,
3/24/2013,699865387.65,10875919,2862444.378,,
3/25/2013,779215008.00,10898112,1870599.785,,
3/26/2013,799636326.40,10864624,8445941.889,,
3/27/2013,852869844.00,10864584,8359611.275,,
3/28/2013,966384694.08,10868024,17715965.14,,
3/29/2013,937072455.94,10873433,9335206.245,,
3/30/2013,996348256.50,11009373,7795782.438,,
3/31/2013,1021618475.66,11081659,2758536.883,,
4/1/2013,1021279170.40,10977954,7527960.115,,
4/2/2013,1141720736.00,10978084,15389772.19,,
4/3/2013,1304137352.30,11053885,16171857,,
4/4/2013,1492797330.00,11057758,37215397.93,,
4/5/2013,1463655462.02,11078227,30878446.14,,
4/6/2013,1562559406.33,10978923,96244631.63,,
4/7/2013,1580332698.61,11079859,42949619.27,,
4/8/2013,1799620327.13,11088164,31634088.61,,
4/9/2013,2074699312.50,11065063,56311477.14,,
4/10/2013,2552149690.00,11096303,160362454.4,,
4/11/2013,1831190955.00,11098127,68492393.24,,
4/12/2013,1365353467.70,10931573,27760948.84,,
4/13/2013,1294319988.00,11062564,39300936.5,,
4/14/2013,1027328034.00,11046538,8976581.829,,
4/15/2013,1003399538.51,11148885,13828354.47,,
4/16/2013,902959155.36,10960103,6555630.186,,
4/17/2013,762161662.30,11149939,10541098.68,,
4/18/2013,1026036533.71,11024353,27558650.16,,
4/19/2013,1200570624.99,11013399,25862400.3,,
4/20/2013,1301784545.44,10987378,20116179.91,,
4/21/2013,1390885668.14,10985112,10078337.19,,
4/22/2013,1311461048.00,11002190,4792322.664,,
4/23/2013,1414763384.55,11104894,12486927.97,,
4/24/2013,1583529414.23,11036971,12524282.09,,
4/25/2013,1715545315.20,11125456,40185130.14,,
4/26/2013,1561176919.04,11016701,47286796.02,,
4/27/2013,1526596516.61,11151179,48585625.52,,
4/28/2013,,,25620877,,
4/29/2013,,,16693946,,
4/30/2013,,,29713676,,
5/1/2013,,,28093183,,
5/2/2013,,,10669549,,
5/3/2013,,,4650908,,
5/4/2013,,,11143408,,
5/5/2013,,,4714541,,
5/6/2013,,,3721422,,
5/7/2013,,,4349280,,
5/8/2013,,,13574723,,
5/9/2013,,,17593764,,
5/10/2013,,,7373143,,
5/11/2013,,,12461184,,
5/12/2013,,,4019923,,
5/13/2013,,,3679391,,
5/14/2013,,,3203256,,
5/15/2013,,,2705897,,
5/16/2013,,,3971484,,
5/17/2013,,,5112061,,
5/18/2013,,,10162074,,
5/19/2013,,,3861010,,
5/20/2013,,,4475945,,
5/21/2013,,,8030316,,
5/22/2013,,,4773549,,
5/23/2013,,,4691412,,
5/24/2013,,,5654153,,
5/25/2013,,,3707503,,
5/26/2013,,,1798067,,
5/27/2013,,,19166044,,
5/28/2013,,,6591777,,
5/29/2013,,,5432556,,
5/30/2013,,,3689284,,
5/31/2013,,,4125380,,
6/1/2013,,,14195954,,
6/2/2013,,,4201082,,
6/3/2013,,,28046824,,
6/4/2013,,,12018227,,
6/5/2013,,,3652021,,
6/6/2013,,,4395848,,
6/7/2013,,,6287885,,
6/8/2013,,,6717759,,
6/9/2013,,,3858221,,
6/10/2013,,,1620797,,
6/11/2013,,,2624096,,
6/12/2013,,,9818448,,
6/13/2013,,,3508039,,
6/14/2013,,,6993438,,
6/15/2013,,,6547254,,
6/16/2013,,,1864170,,
6/17/2013,,,2008232,,
6/18/2013,,,5684878,,
6/19/2013,,,11775440,,
6/20/2013,,,2492877,,
6/21/2013,,,2895360,,
6/22/2013,,,9198052,,
6/23/2013,,,4087032,,
6/24/2013,,,1679358,,
6/25/2013,,,10617247,,
6/26/2013,,,5516363,,
6/27/2013,,,11998689,,
6/28/2013,,,10828302,,
6/29/2013,,,15540303,,
6/30/2013,,,8257190,,
7/1/2013,,,5678890,,
7/2/2013,,,9371411,,
7/3/2013,,,5196185,,
7/4/2013,,,9228351,,
7/5/2013,,,5181719,,
7/6/2013,,,12207573,,
7/7/2013,,,4354655,,
7/8/2013,,,1938774,,
7/9/2013,,,4910691,,
7/10/2013,,,3245453,,
7/11/2013,,,2945667,,
7/12/2013,,,9985269,,
7/13/2013,,,4747248,,
7/14/2013,,,1733460,,
7/15/2013,,,1873722,,
7/16/2013,,,2194358,,
7/17/2013,,,4757473,,
7/18/2013,,,2654689,,
7/19/2013,,,3872924,,
7/20/2013,,,2154497,,
7/21/2013,,,2356035,,
7/22/2013,,,5528130,,
7/23/2013,,,4499509,,
7/24/2013,,,4923641,,
7/25/2013,,,8050740,,
7/26/2013,,,3233268,,
7/27/2013,,,5413702,,
7/28/2013,,,2003276,,
7/29/2013,,,1336669,,
7/30/2013,,,3660930,,
7/31/2013,,,3167913,,
8/1/2013,,,2135465,,
8/2/2013,,,5391922,,
8/3/2013,,,3374212,,
8/4/2013,,,1138818,,
8/5/2013,,,1570646,,
8/6/2013,,,3665953,,
8/7/2013,,,4224469,,
8/8/2013,,,8694546,,
8/9/2013,,,3360896,,
8/10/2013,,,2891686,,
8/11/2013,,,2412640,,
8/12/2013,,,1812513,,
8/13/2013,,,9857367,,
8/14/2013,,,5219603,,
8/15/2013,,,8054743,,
8/16/2013,,,4142182,,
8/17/2013,,,4716053,,
8/18/2013,,,2167488,,
8/19/2013,,,3444878,,
8/20/2013,,,3675369,,
8/21/2013,,,11497429,,
8/22/2013,,,3980978,,
8/23/2013,,,2856732,,
8/24/2013,,,9800897,,
8/25/2013,,,9492924,,
8/26/2013,,,3669670,,
8/27/2013,,,4122912,,
8/28/2013,,,4765296,,
8/29/2013,,,9100660,,
8/30/2013,,,9112020,,
8/31/2013,,,7465865,,
9/1/2013,,,4618439,,
9/2/2013,,,2746196,,
9/3/2013,,,9780509,,
9/4/2013,,,3716953,,
9/5/2013,,,10572763,,
9/6/2013,,,5495983,,
9/7/2013,,,4572827,,
9/8/2013,,,3211073,,
9/9/2013,,,2463241,,
9/10/2013,,,3252125,,
9/11/2013,,,3481187,,
9/12/2013,,,4292702,,
9/13/2013,,,5704546,,
9/14/2013,,,4229806,,
9/15/2013,,,1753342,,
9/16/2013,,,1700850,,
9/17/2013,,,2664019,,
9/18/2013,,,3582296,,
9/19/2013,,,3401003,,
9/20/2013,,,2545551,,
9/21/2013,,,6553425,,
9/22/2013,,,3554413,,
9/23/2013,,,4865622,,
9/24/2013,,,4670320,,
9/25/2013,,,3403692,,
9/26/2013,,,33715487,,
9/27/2013,,,12208773,,
9/28/2013,,,6935795,,
9/29/2013,,,1972175,,
9/30/2013,,,2029504,,
10/1/2013,,,4248445,,
10/2/2013,,,4276481,,
10/3/2013,,,8583706,,
10/4/2013,,,5898176,,
10/5/2013,,,3813014,,
10/6/2013,,,4167454,,
10/7/2013,,,7570086,,
10/8/2013,,,14398442,,
10/9/2013,,,9727237,,
10/10/2013,,,20174766,,
10/11/2013,,,10714875,,
10/12/2013,,,15215582,,
10/13/2013,,,25661241,,
10/14/2013,,,5829766,,
10/15/2013,,,17905738,,
10/16/2013,,,25537523,,
10/17/2013,,,19766922,,
10/18/2013,,,48530411,,
10/19/2013,,,29056798,,
10/20/2013,,,14030078,,
10/21/2013,,,12028650,,
10/22/2013,,,11632730,,
10/23/2013,,,13415840,,
10/24/2013,,,17897538,,
10/25/2013,,,7972061,,
10/26/2013,,,4842517,,
10/27/2013,,,5647478,,
10/28/2013,,,10545414,,
10/29/2013,,,22998245,,
10/30/2013,,,39040665,,
10/31/2013,,,36242160,,
11/1/2013,,,57194024,,
11/2/2013,,,39357701,,
11/3/2013,,,52324749,,
11/4/2013,,,73596859,,
11/5/2013,,,29759751,,
11/6/2013,,,33131722,,
11/7/2013,,,51039985,,
11/8/2013,,,56753704,,
11/9/2013,,,55638926,,
11/10/2013,,,32999207,,
11/11/2013,,,56519433,,
11/12/2013,,,119541261,,
11/13/2013,,,167040126,,
11/14/2013,,,146349165,,
11/15/2013,,,84809657,,
11/16/2013,,,70269394,,
11/17/2013,,,86922739,,
11/18/2013,,,116349441,,
11/19/2013,,,74587315,,
11/20/2013,,,96144794,,
11/21/2013,,,135435505,,
11/22/2013,,,163076655,,
11/23/2013,,,149629543,,
11/24/2013,,,75563692,,
11/25/2013,,,271979265,,
11/26/2013,,,175955238,,
11/27/2013,,,121527708,,
11/28/2013,,,114102052,,
11/29/2013,,,387553774,,
11/30/2013,,,306410712,,
12/1/2013,,,474466262,,
12/2/2013,,,189354099,,
12/3/2013,,,236680336,,
12/4/2013,,,195886250,,
12/5/2013,,,200105915,,
12/6/2013,,,87282009,,
12/7/2013,,,85931095,,
12/8/2013,,,62978621,,
12/9/2013,,,108938531,,
12/10/2013,,,297998401,,
12/11/2013,,,187422192,,
12/12/2013,,,513435570,,
12/13/2013,,,236915772,,
12/14/2013,,,159865842,,
12/15/2013,,,79831295,,
12/16/2013,,,58743044,,
12/17/2013,,,42950776,,
12/18/2013,,,25875962,,
12/19/2013,,,23573141,,
12/20/2013,,,68929829,,
12/21/2013,,,47715374,,
12/22/2013,,,33182102,,
12/23/2013,,,20841074,,
12/24/2013,,,20240329,,
12/25/2013,,,23357896,,
12/26/2013,,,16556394,,
12/27/2013,,,29852201,,
12/28/2013,,,33496317,,
12/29/2013,,,30183391,,
12/30/2013,,,58311726,,
12/31/2013,,,71160502,,
1/1/2014,,,90826695,,
1/2/2014,,,76643484,,
1/3/2014,,,58306555,,
1/4/2014,,,32768453,,
1/5/2014,,,48938020,,
1/6/2014,,,46697393,,
1/7/2014,,,47378688,,
1/8/2014,,,23121687,,
1/9/2014,,,28778737,,
1/10/2014,,,20049149,,
1/11/2014,,,40978709,,
1/12/2014,,,15059334,,
1/13/2014,,,22772060,,
1/14/2014,,,21149723,,
1/15/2014,,,15213930,,
1/16/2014,,,16264206,,
1/17/2014,,,16418658,,
1/18/2014,,,39286176,,
1/19/2014,,,21120718,,
1/20/2014,,,27367234,,
1/21/2014,,,54943198,,
1/22/2014,,,44803494,,
1/23/2014,,,15413630,,
1/24/2014,,,57749273,,
1/25/2014,,,13734944,,
1/26/2014,,,17429280,,
1/27/2014,,,10423930,,
1/28/2014,,,12342881,,
1/29/2014,,,13182641,,
1/30/2014,,,17853074,,
1/31/2014,,,43570074,,
2/1/2014,,,129245345,,
2/2/2014,,,33761501,,
2/3/2014,,,36314262,,
2/4/2014,,,135944305,,
2/5/2014,,,92224845,,
2/6/2014,,,36803193,,
2/7/2014,,,50756783,,
2/8/2014,,,134785814,,
2/9/2014,,,33110088,,
2/10/2014,,,50885226,,
2/11/2014,,,39336429,,
2/12/2014,,,23066486,,
2/13/2014,,,14281407,,
2/14/2014,,,64733579,,
2/15/2014,,,61184025,,
2/16/2014,,,37689272,,
2/17/2014,,,40373875,,
2/18/2014,,,78004493,,
2/19/2014,,,193385144,,
2/20/2014,,,73554818,,
2/21/2014,,,27715811,,
2/22/2014,,,36063513,,
2/23/2014,,,22138286,,
2/24/2014,,,8631570,,
2/25/2014,,,94906284,,
2/26/2014,,,57242476,,
2/27/2014,,,22624318,,
2/28/2014,,,15936577,,
3/1/2014,,,30454256,,
3/2/2014,,,18347300,,
3/3/2014,,,18488117,,
3/4/2014,,,23644532,,
3/5/2014,,,13692508,,
3/6/2014,,,20666187,,
3/7/2014,,,12001026,,
3/8/2014,,,12919116,,
3/9/2014,,,4698819,,
3/10/2014,,,5698262,,
3/11/2014,,,12723998,,
3/12/2014,,,21596259,,
3/13/2014,,,12656541,,
3/14/2014,,,18167996,,
3/15/2014,,,38975328,,
3/16/2014,,,17398981,,
3/17/2014,,,9249735,,
3/18/2014,,,21003970,,
3/19/2014,,,12237708,,
3/20/2014,,,14482041,,
3/21/2014,,,69452480,,
3/22/2014,,,53554594,,
3/23/2014,,,9531910,,
3/24/2014,,,47382305,,
3/25/2014,,,40052634,,
3/26/2014,,,36927746,,
3/27/2014,,,49674685,,
3/28/2014,,,41599801,,
3/29/2014,,,22149175,,
3/30/2014,,,11722402,,
3/31/2014,,,8353487,,
4/1/2014,,,14482159,,
4/2/2014,,,8378814,,
4/3/2014,,,10961480,,
4/4/2014,,,64324406,,
4/5/2014,,,62716009,,
4/6/2014,,,19736072,,
4/7/2014,,,22747462,,
4/8/2014,,,45750644,,
4/9/2014,,,42738550,,
4/10/2014,,,35122306,,
4/11/2014,,,26116408,,
4/12/2014,,,14702588,,
4/13/2014,,,14542422,,
4/14/2014,,,9022748,,
4/15/2014,,,13780097,,
4/16/2014,,,10999875,,
4/17/2014,,,7594717,,
4/18/2014,,,10351687,,
4/19/2014,,,46863211,,
4/20/2014,,,11904775,,
4/21/2014,,,12012277,,
,,,,,
,,,,,
,,,,,
,,,,,
,,,,,
,,,,,
,,,,,
,,,,,
,,,,,
,,,,,
,,,,,
,,,,,
,,,,,
,,,,,
,,,,,
,,,,,
,,,,,
,,,,,
,,,,,
,,,,,
,,,,,
,,,,,
,,,,,
,,,,,
,,,,,
,,,,,
,,,,,
,,,,,
,,,,,
,,,,,
,,,,,
,,,,,
,,,,,
,,,,,
,,,,,
,,,,,
,,,,,
,,,,,
,,,,,
,,,,,
,,,,,
,,,,,
,,,,,
,,,,,
,,,,,
,,,,,
,,,,,
,,,,,
,,,,,
,,,,,
,,,,,
,,,,,
,,,,,
,,,,,
,,,,,
,,,,,
,,,,,
,,,,,
,,,,,
,,,,,
,,,,,
,,,,,
,,,,,
,,,,,
,,,,,
,,,,,
,,,,,
,,,,,
,,,,,
,,,,,
,,,,,
,,,,,
,,,,,
,,,,,
,,,,,
,,,,,
,,,,,
,,,,,
,,,,,
,,,,,
,,,,,
,,,,,
,,,,,
,,,,,
,,,,,
,,,,,
,,,,,
,,,,,
,,,,,
,,,,,
,,,,,
,,,,,
,,,,,
,,,,,
,,,,,
,,,,,
,,,,,
,,,,,
,,,,,
,,,,,
,,,,,
,,,,,
,,,,,
,,,,,
,,,,,
,,,,,
,,,,,
,,,,,
,,,,,
,,,,,
,,,,,
,,,,,
,,,,,
,,,,,
,,,,,
,,,,,
,,,,,
,,,,,
,,,,,
,,,,,
,,,,,
,,,,,
,,,,,
,,,,,
,,,,,
,,,,,
,,,,,
,,,,,
,,,,,
,,,,,
,,,,,
,,,,,
,,,,,
,,,,,
,,,,,
,,,,,
,,,,,
,,,,,
,,,,,
,,,,,
,,,,,
,,,,,
,,,,,
,,,,,
,,,,,
,,,,,
,,,,,
,,,,,
,,,,,
,,,,,
,,,,,
,,,,,
,,,,,
,,,,,
,,,,,
,,,,,
,,,,,
,,,,,
,,,,,
,,,,,
,,,,,
,,,,,
,,,,,
,,,,,
,,,,,
,,,,,
,,,,,
,,,,,
,,,,,
,,,,,
,,,,,
,,,,,
,,,,,
,,,,,
,,,,,
,,,,,
,,,,,
,,,,,
,,,,,
,,,,,
,,,,,
,,,,,
,,,,,
,,,,,
,,,,,
,,,,,
,,,,,
,,,,,
,,,,,
,,,,,
,,,,,
,,,,,
,,,,,
,,,,,
,,,,,
,,,,,
,,,,,
,,,,,
,,,,,
,,,,,
,,,,,
,,,,,
